57.67952659,91.10219739,82.0167989,53.49397428,84.24672499,62.81240956,89.00185825,69.61805895,93.44792288,83.80151712,87.19251601,70.37052388,91.93369976,89.05733289,91.95548369,97.91220898,87.65379773,90.53169392,82.13850293,88.26971584,101.6414584,83.0766153,77.8282215,90.7583613,50.20207551,88.64287832,87.13728417,88.73074257,60.63838035,84.70391599,91.03635714,87.26930851,88.86226773,84.53140449,87.01880822,86.34124294,79.47898307,80.32479227,78.52709859,34.00930122,87.32274102,85.22134213,78.73695042,85.92039401,47.86750828,84.74246626,64.81723947,84.49134477,84.79478555,65.14236587,84.45688883,0,69.64455045,93.1951513,71.98101965,48.724976,89.84265067,82.16462256,96.3572753,91.32287407,82.70874281,88.73957034,92.12490228,94.64584067,33.02353169,89.23341688,81.55458609,97.57936717,46.63283387,73.49490405,98.56878593,81.91783683,80.84047585,73.27242048,99.31027536,78.06756748,84.10709451,83.59273868,74.82217196,71.5150925,86.5621658,82.57285348,73.61671176,87.62304409
140.0812972,121.0782305,150.8394642,129.6787806,134.3222943,91.4768974,139.6279153,140.8483164,145.9541949,142.326307,141.235581,143.1505941,131.8829824,155.1507837,144.9437949,140.3940173,152.4448363,143.5266846,130.1217737,143.6675689,143.5111271,139.6210747,143.0249386,139.4112246,101.8302229,135.0904723,141.2555659,142.1259752,116.7685276,132.9354075,147.1409162,139.707262,139.7021306,134.6575268,140.4743286,133.1222184,140.1605625,143.8789291,146.6192027,94.8447645,130.8750013,140.7672002,134.8236641,148.75555,141.9727115,138.9220758,126.8507465,142.8068015,141.561153,113.1008427,149.6568289,233.3177788,148.0273019,141.8256704,163.2288046,124.6240751,153.4641255,133.8063692,137.3656553,128.8228756,143.4179347,141.6583666,131.5446966,139.4186733,85.79846221,146.9544141,150.6703581,142.6039008,109.9616253,149.8726662,150.9765804,140.4239651,156.0356771,129.5493626,143.0031832,138.0639388,146.1196034,158.9667403,139.8908263,125.3122791,133.4011305,143.2042006,143.3417077,145.8028304
79.1214599,92.22662539,66.39407429,72.75871713,95.90800503,254.4036114,81.85931224,76.34779106,79.76404493,84.9888562,83.90589307,81.01397703,80.72409221,85.83466226,92.7106805,86.69118196,89.35922471,88.10325828,84.19281499,85.18862089,79.41569969,84.00824889,85.57710491,83.18711557,67.62628961,86.77819052,76.33812099,87.66876332,66.8208491,75.80444678,98.28984774,93.05609861,82.21832736,74.84407901,78.23708968,81.7853839,76.93011371,87.90580879,75.6787265,59.00658106,78.00289189,97.02215767,82.63751195,75.33221846,76.36337177,79.18558322,72.48247709,85.55719549,89.00592689,71.78334276,82.79023653,0,89.09959696,81.96394557,86.55687619,76.15494744,68.44916642,90.86941437,86.50539653,86.37624677,88.43750804,89.34375642,82.34606229,76.79878168,55.73041048,88.88593846,95.5355989,81.9777259,72.40028429,84.80073669,86.76654138,89.31281535,78.1787799,86.30734755,87.53379264,81.68180671,78.71328224,84.24133309,70.8998891,72.59867244,81.11631083,86.49346816,90.13991372,92.41258424
39.20941825,29.0783042,44.35327835,50.4338993,44.28574722,26.06875701,28.0932339,51.55367143,29.62328066,31.93445391,33.70223025,30.94456033,30.42488761,37.73406488,37.2038416,34.92850694,33.73638146,42.98308154,40.22436119,34.80181417,38.33585938,32.72633462,37.25121333,32.78512087,62.11490397,36.4114705,28.92645666,41.16357957,54.58570868,28.92327493,36.11027582,43.29571042,36.87291921,29.64886901,31.80769513,30.54269613,28.2284571,41.60640027,28.333375,44.98442299,41.03033432,33.38252961,49.3719394,26.06565492,56.24694909,34.73051896,59.25312893,40.79458561,34.83895482,59.51793214,35.10885419,0,30.46001599,25.16563534,46.74427611,60.68638346,32.0594177,42.14695561,32.0288677,31.83337912,35.38312143,32.29066466,49.42474378,27.7302173,49.46807825,36.03927069,37.60486006,33.10024463,69.0076002,31.16502044,36.38888581,34.27224554,31.50487105,54.32367139,29.49052862,19.51689187,32.38469091,43.96472331,48.20317518,46.59224787,32.75009251,31.57993286,48.18674306,30.24978121
124.1219027,122.6820969,141.1536403,221.2865427,61.38103157,79.57636972,113.961529,197.6741759,119.2998928,129.9516074,125.6041518,123.2291797,104.1056898,127.0568813,128.8084067,124.2389902,125.6655025,130.6890528,103.2090678,121.1441543,118.5720847,110.4582759,136.1509029,121.6491004,199.9968978,120.02366,117.7071692,98.65834253,205.2078768,117.6011535,107.8694006,126.3896474,125.128489,120.5688867,120.6069213,116.946824,120.6888767,138.0392127,115.5966921,139.0354009,125.4044999,108.4107729,134.1729746,123.3799889,226.0626026,140.3112966,207.7531448,114.126956,116.6343362,182.5302732,124.6805718,0,124.3628188,118.2759042,149.4539841,214.3483161,113.9189334,133.2292761,120.9545072,119.871583,139.4728645,109.809677,148.8007925,113.4638358,140.7478312,133.7480125,141.577886,115.0925748,252.0672054,104.8402548,116.215778,125.0751078,120.8561796,146.6767259,116.6434156,93.24737227,115.2698497,149.3858127,142.9144891,169.6258723,111.2636058,116.2877569,165.5685457,111.8128303
27.22918911,27.41754089,31.93163386,31.41424407,30.1045198,10.42473287,34.33844804,34.36449034,31.82773506,32.99438782,27.68513815,28.98607578,26.04956315,31.3722719,30.66366653,27.95793252,27.4429176,29.86410949,27.33982397,27.417358,22.34289699,32.06161993,29.93940143,27.22459827,28.56613029,27.40588157,27.89292211,32.95393897,28.40138593,27.45277083,28.36504514,30.37116535,29.05390185,33.90346042,31.29049917,31.72865282,30.39292337,31.57877209,31.25514076,20.87298313,30.92702889,35.32635399,29.80086431,29.65334352,34.29028784,36.11973972,30.05560266,28.42583952,27.03377026,26.40049042,31.37886487,0,24.81429261,27.3275987,37.22294172,33.50576743,29.77668413,30.80679598,26.38545878,28.24875657,31.78759448,26.5891697,25.75010919,27.13606694,20.11286593,26.83297518,29.51671414,30.5319637,29.88210401,28.43727971,22.11490802,26.55082823,30.44939116,30.82191894,26.37139183,28.91391388,30.44304415,34.63035615,29.80533806,28.30615623,31.28950855,30.86769946,26.6786363,30.76366906
145.7750907,118.1181411,133.5805824,117.3518282,131.0015408,277.7359916,106.7886607,118.69158,134.7575523,108.5775066,119.455746,123.2287762,109.1196853,129.2512871,105.2426062,130.9356442,143.3962239,134.0876033,142.2136811,129.5027546,120.399792,129.1620525,120.7672232,121.9122616,122.6688296,120.0944594,132.562191,138.8560777,105.5705649,155.6964196,138.6862022,139.7038483,126.9887017,130.4324543,135.9878818,126.1012569,136.3663219,125.6974459,140.025151,68.65448764,147.0905103,138.5007466,124.2933925,140.5122366,124.3614071,173.6525948,127.0802279,148.7600836,130.5153103,121.7269179,133.894605,0,136.0229452,128.2464901,136.6180374,119.8660064,131.4143553,130.2003847,125.501853,118.2533258,136.9688648,126.7996317,125.6829684,116.599336,72.57554397,126.6333252,126.2454584,120.6409781,125.5670713,118.7553398,141.3223756,119.2868181,130.4734507,114.6881122,140.9132477,112.0414163,142.2352819,106.9152447,127.619966,134.2008984,136.9609828,121.9290762,130.1663888,129.4217497
41.31337269,36.36167388,34.14995195,55.20272427,48.78398061,27.80513433,35.23746951,59.19967469,36.16292264,29.36369901,40.77672962,45.44077577,32.17489321,42.82995893,46.40597932,39.30625808,36.33329632,39.74495437,35.62656633,36.67541295,38.87727103,31.53741864,40.16140892,39.975244,65.25662727,34.65379926,39.97982629,38.7020166,61.14469162,32.57821702,34.79288194,50.41838381,38.00783312,31.62184396,34.01514244,36.92547693,38.27208218,41.44874094,34.89834793,38.70398974,51.74702873,36.12604377,50.41097493,35.13889749,64.20388597,48.62272654,64.02340694,45.49401634,37.37898145,57.07104814,38.93628725,0,38.53961952,34.79473556,44.11025301,63.51030782,36.52559385,45.75097432,37.42209635,38.81609656,48.52489913,38.27571105,43.21202201,35.80692556,40.79045665,38.20095485,42.47260446,37.69004703,71.80393733,29.22882376,35.98482753,34.04663126,38.13573325,53.13483287,36.93604133,31.80530527,38.24756866,43.95974455,45.73565425,54.3469825,32.48918459,36.31913754,48.10919201,33.25474115
147.0084319,193.3086339,140.0883278,101.0585608,134.6491682,102.6976182,146.1466989,97.86752244,122.7444715,128.6390391,165.8475903,115.5,165.2908045,148.5599184,162.993815,155.7694878,129.3931946,155.6387492,142.1135763,163.83579,152.5215906,140.9094396,150.6649186,157.7781455,114.5126321,156.1891802,142.5175815,142.8844423,116.5971834,130.555444,158.1453475,146.6749695,153.0529607,130.962052,125.1851348,135.982673,144.6408692,145.7657776,133.8127279,53.51986347,133.0647064,168.7405617,122.9363019,137.7615776,96.10471099,101.4131154,107.0497904,150.2874458,160.0860048,105.6314502,135.6974785,0,130.0473188,147.9971369,138.091363,119.7993583,145.4854968,152.4546929,148.3508435,151.4306825,159.5210059,149.3026301,136.3403588,139.6935048,51.85146746,121.5294025,148.2138154,149.9953569,92.65171847,128.5657998,157.4248697,138.3739565,138.0817479,129.0368379,145.6169568,147.4609608,132.6288999,140.7718362,117.8706626,145.8275046,151.8128312,138.9813277,129.3790659,128.8079491
96.8506932,87.060041,93.13561531,123.0934879,93.20323575,73.71966725,95.55993447,122.3260687,85.48462797,68.52698163,96.24392898,101.3053498,87.70896713,94.40524274,102.1790686,89.10629643,85.13018358,103.0114021,93.42372872,90.11096268,103.456106,92.17603946,102.0973386,91.35753767,98.22907777,87.59256652,100.0150733,86.61971545,101.3252496,91.01906807,87.84705046,93.34142303,97.42865771,94.14318965,96.7577243,93.9991731,87.60855672,97.92521068,85.06991406,84.68331384,98.51332483,88.89527693,109.8715397,100.1760121,131.8373506,90.29934929,101.9375303,93.71164081,90.98641454,114.7621109,97.69607038,0,98.32237644,91.95189444,102.1157734,125.3967899,92.88126564,104.5537765,99.04516204,97.45296473,90.14574092,93.33996463,101.763544,99.03008753,85.20312855,86.92718279,91.58368153,90.16011085,134.0049078,101.6509227,87.37358786,96.11571897,88.66418965,103.5819786,85.64522582,86.74174164,90.43706471,103.3073846,109.5629074,97.20966638,94.64306158,89.64291721,104.8842706,88.5439231
134.7573283,134.3110475,121.7813999,97.20825897,132.3243676,92.57217316,127.3476611,109.6809468,134.5868684,117.0265134,100.6952185,120.7182542,138.595238,125.616695,138.0110226,141.4048461,114.9808863,137.1589413,127.5121793,138.0411277,141.9708177,127.7569185,132.1457245,136.7086949,110.4553065,125.6965721,132.5340867,128.0193272,99.47919487,128.8816898,150.0716178,135.3074022,145.2724881,131.0514803,132.5249923,130.5028467,130.9203933,124.4051596,134.470196,65.18793091,139.4820979,131.688005,119.4242804,121.9145379,101.5603638,101.4131154,108.804137,124.904086,133.7040191,115.8914891,121.9252854,0,128.1158469,129.2391765,86.80004273,96.20173761,116.5448854,132.4808571,136.9260544,141.5071934,122.9810428,143.5191127,133.0353402,127.8004529,66.70605103,133.1967823,130.3636976,134.4475312,95.48705683,118.9902477,125.0413902,125.6671827,126.2669054,106.3663522,129.7989176,151.0752,121.2955159,118.5552353,114.5413543,121.6736373,123.9705023,121.5191801,115.7331058,127.5657862
58.4189202,61.11021999,64.51216687,47.24741665,47.53965078,40.12812086,59.63677061,53.64279231,62.12660067,66.65343031,56.59176081,27.85078016,58.42640447,58.71195484,68.6526616,63.99663287,59.48538085,66.98553475,47.49396402,58.6075955,64.75690359,56.40394603,59.97712132,63.63504002,52.28395376,58.1175436,62.78186241,51.92272847,53.66307699,58.52226144,67.05886103,62.07226142,64.36575931,62.3902535,58.55301857,64.80920121,60.72700686,51.56786245,67.3415839,35.1418646,60.86173299,60.85326061,56.06315403,58.16203223,47.42804585,52.79038882,44.90985458,61.38942896,53.65932859,59.15867437,63.36939684,0,61.60891695,59.16114769,58.33949128,43.01830431,63.0411427,59.0188545,63.73030283,60.44194563,67.39820964,47.71435316,60.52240503,58.91560795,34.63582795,57.09079412,66.91378654,63.73463174,51.68895654,64.72101098,60.45685468,71.85999387,58.57840222,51.17375395,67.70374116,68.67054547,60.42227524,49.50124274,54.03642837,54.3456109,54.07972171,59.74792359,59.38133524,58.1156245
87.48027462,75.71798015,113.7269999,73.85435843,86.30890704,54.05013837,81.95581572,95.41716051,91.09731878,92.42426885,84.36663275,77.38505597,64.97383935,80.36816384,89.54719786,76.63916682,84.1578872,95.39189893,92.82473889,79.97514346,87.72604307,80.99713018,84.37769669,87.55420167,62.77604234,82.82222607,86.71445119,94.08483278,61.53851433,91.02127508,90.05397859,97.39962527,82.28598651,86.96017984,89.80349326,78.29443441,88.96239354,81.96834858,85.88330197,63.2584205,78.5763783,86.3146629,84.5658268,90.91832992,63.88544615,80.57480398,85.36576683,99.96454883,82.98513758,82.35799659,87.96763301,0,84.07083381,80.9264327,93.36603047,68.4363447,83.08953902,91.1292921,86.36067283,83.60654255,78.29115715,83.86226164,82.93885863,79.33255636,67.29234578,83.07166969,102.530456,89.55870595,72.88407844,80.09200522,85.20754265,92.99029369,81.26919741,81.16129034,83.68031419,86.74174164,82.98310289,80.59199573,87.64088466,79.10106512,76.18646549,75.67077713,84.61254231,85.43893166
236.2488869,250.5876205,218.0969844,229.4968754,247.4457069,193.3466821,219.6142551,232.7502044,222.8668104,239.5965116,250.6310297,219.9663126,173.6237693,157.2530794,237.3702811,247.0793547,180.8058897,237.5785802,299.2558797,265.8153465,232.1810704,205.9027164,261.7775704,241.5212197,269.6603938,252.2749075,226.652524,232.8520903,213.3861964,206.837318,244.7510564,282.0801892,246.0428439,199.6823166,226.8240734,236.2062921,199.9298879,263.1391508,220.180131,148.4971596,198.601514,221.3840089,269.9330373,190.7858677,243.1363933,218.1076591,275.3024203,292.97362,245.5595953,246.8545307,225.0523767,233.3177788,224.3129748,232.6281234,256.4383231,242.1141029,221.6368361,278.413436,269.2889564,263.3081439,281.9254729,234.6508808,314.7890754,208.8211861,175.1197117,223.1100229,267.4481645,241.7050465,246.9658929,193.7742712,217.053357,188.6571463,220.4741136,241.5715966,204.5542465,203.120245,219.5091653,260.327274,262.9785041,264.770321,181.8327698,243.6184354,245.7890995,244.0184063
84.79046576,80.35584045,77.70947249,76.02201247,81.70379236,247.9127322,88.34830004,74.80847016,89.65190205,84.14628684,81.29106207,79.18093032,83.60692426,83.65418116,65.13746212,84.70922199,80.97819704,82.98303982,94.15878874,86.4055865,81.01236553,78.67768272,83.53874226,90.52697737,93.08230648,83.22551631,86.84133951,86.34459507,71.95481215,80.41093288,97.89645221,89.55794217,87.3876853,84.20713203,80.8839426,82.18095333,85.37764765,84.96807374,82.11906954,47.37870816,79.67921684,89.16208267,90.07964153,84.03194663,86.85032427,90.29934929,79.93173592,90.61223626,82.64437332,80.30613902,86.59767322,0,86.47872728,75.19176366,92.27519034,75.35623285,80.11697705,82.70634953,84.01177536,83.07869636,80.91674512,79.82410776,84.97536032,75.22976918,45.87336137,84.93627419,94.41556105,87.18804509,76.69901833,87.10785367,85.46576328,87.82170695,83.93098587,70.11476435,86.40914899,66.50200193,79.11985079,87.23962961,84.28645574,96.32145054,78.50496028,80.91417101,87.50929594,80.35687473
16.97412571,21.5946547,17.47491582,10.68288049,28.9826663,9.995023549,10.56711094,14.51421966,16.13140422,12.62554708,19.70982625,19.93831089,24.63534082,21.64901815,7.884776985,12.22324518,27.11881881,19.16253082,15.07306396,15.65516196,16.82315741,11.19301716,16.40782388,16.08224329,11.52227757,16.81009655,16.56875595,15.03531925,11.79600576,13.07061262,14.2788258,22.27052391,17.37871124,16.78221425,15.63324397,14.34299693,18.57901802,15.85720189,15.1220086,11.11608632,11.7332758,24.755785,6.656069164,12.32417002,9.939669065,30.56285668,8.78859004,16.68971528,15.33317915,12.73531946,17.00248194,0,17.22637505,18.7255019,18.97508423,9.080889621,14.88770928,13.90041842,16.94702427,14.98224034,14.57915821,21.26581664,9.143088056,12.78232837,12.17276422,11.01597426,16.35069258,14.25977913,11.70250282,11.7569837,26.44172003,26.84173027,14.12746716,17.15075096,18.1980057,14.45695694,16.876756,14.00854745,13.69559281,12.09383278,19.23870836,17.75829887,17.78292255,17.70161067
219.7491881,182.9341214,188.2886685,135.8268335,192.8885127,312.1832663,212.1608926,163.3017249,204.6877337,146.0925512,181.7952875,200.5635461,200.4296247,204.2225761,164.1862669,205.6699418,180.8638042,196.6828401,205.3137549,205.2143489,209.1045998,192.4184676,195.3385045,211.3044313,126.6482232,199.5776759,226.4751608,215.5884253,122.2736574,227.967764,221.4908758,217.2257796,216.2837329,208.8226704,214.3736799,199.7145169,215.5783946,196.2578375,216.150585,83.85797841,196.0518343,201.6891454,211.5232878,222.8643606,117.1389774,257.0058403,158.1973383,225.6572845,204.702992,148.5729476,203.3340134,233.3177788,218.4321589,208.4557743,171.5029849,121.9545583,219.7333393,190.3338955,207.6646658,193.829215,178.7909084,194.6519531,196.0172123,200.5314771,94.76083791,202.537007,202.640777,209.7402442,94.63032579,169.1704352,209.0606095,217.3095765,214.9951075,153.9426819,197.0209152,185.0490488,228.3311625,202.7501092,179.071737,161.0283608,220.5772116,206.7942903,174.4832212,208.0725301
0,0,0,0,0.07936181,0,0,0,0.1850838,0,0,0,0.04226117,0,0,0,0,3.203920439,0,0,0,0,0,0,0.147837689,0,0.14193203,0,0,0.278039444,0,0,0.059781103,0,0,0,0,0,0,0,0,0,0,0,0,1.389220758,0,0.057615213,0,0,0,0,0,0,0,0,0,0,0,0,0,0,0,0,0,0,0,0.099373924,0,0,0,0,0.127600303,0,0,0,0,0,0,0,0,0,0,0
89.98078164,84.32859502,124.5923336,143.4229682,75.34420204,78.05500988,68.18261251,204.2013236,75.68824733,128.4042673,92.44866905,56.37605979,65.46757687,95.31583297,117.6486021,87.66461762,59.65136946,101.0841707,41.59802171,83.49610912,151.9090577,57.39075195,97.49806456,88.59955607,120.100885,91.66947939,75.35518921,47.50418875,142.5538385,78.06753639,94.70058619,100.0593817,132.8305297,77.02325072,74.19623124,75.54792984,76.21885453,93.14528156,61.9843646,101.5326284,102.8991562,36.41715397,87.58908282,68.65172021,123.0331579,75.01792095,170.2178385,106.9381121,76.09593943,138.8473928,70.95838085,233.3177788,81.92175174,85.17613366,94.61960728,202.1033193,71.35337566,115.3062931,105.2607346,96.627941,90.30192391,81.64438126,163.5075276,80.43844398,103.6330599,85.84833356,125.3079967,70.4776305,148.2710575,47.33035785,80.83508151,49.53869706,69.21445988,103.9427401,67.84084466,84.5731981,68.90772441,81.94557819,99.61492147,102.101768,68.22056949,51.94609631,200.84014,57.40179242
0.07992503,0.04609493,0,0.429318637,0.108391214,0.059870589,0.395967414,2.130486739,0,0,0.129241446,0,0.04226117,0.174744401,0,0,0,0.076276464,0.088151822,1.078181958,0.260714146,0,0.108763204,0.092877986,0.24922638,0,0.221628361,0,0,0.317917008,0,0.261606773,0.235010497,0.176677821,0,0,0.183721739,0.258156656,0.155919791,0.369135445,0.08185063,0.078295488,0,0,0.235310396,0,0.3149769,0.245853133,0,0.261507917,0,0,0.127781141,0,0.321323545,0.609553445,0.09682517,0.222315298,0.096743142,0.42255827,0,0.200765116,0,0,0.251562692,0,0.164726029,0,0.143055285,0,0,0,0,0.19327082,0,0,0.171862609,0.357244922,0.208199178,0.569312162,0.129413502,0,0.372889341,0
69.7442729,69.98336153,63.93477233,75.8063675,81.05529965,52.64832433,71.61145034,75.81030183,70.33794695,71.53719437,69.20597805,71.66167109,71.23705742,73.7418013,73.34564906,69.81626525,68.2715629,75.91852798,88.28287944,65.5046908,31.34380882,67.5732188,68.29027493,77.95752528,82.38106991,67.15311474,71.77020361,73.55937915,63.14525686,85.85539958,72.76884396,81.16403838,67.0455244,71.67820195,67.08496844,77.57326764,64.55389617,76.78130675,68.0757624,52.45939804,68.84499734,76.62068607,80.59738582,67.17625605,80.36231845,86.13168701,74.28987892,83.01950373,72.22927902,78.96835987,70.94240381,0,72.69371165,73.77434225,85.75356733,66.09790132,72.97973249,69.6325911,74.43999605,65.9660178,75.1902862,75.56635327,79.75872419,73.24165394,55.01704311,71.58112283,68.30633046,75.28276013,76.89384424,76.01097012,75.83558246,68.15855028,69.86408451,81.75291572,65.29922608,68.67054547,65.523532,89.48586914,86.39655553,78.84116868,66.96646145,67.9276118,60.59631009,65.08915833
1.194887398,0.373834176,1.043279642,0.802822026,0.51902031,0.665631565,0.804558064,0.645515705,1.069901071,0.079925279,0.977951747,0.443899628,2.373084736,1.083506685,0.597471859,0.979741805,1.041843186,0.809530741,3.196599747,1.145401121,0.294321508,1.068934809,0.417213646,0.377795431,0.607685336,0.703070514,0.983457813,3.209146237,1.230861409,0.317917008,1.001382706,0.995068381,1.000048725,0.515273999,0.659534512,0.611155987,0.963746197,1.074516042,0.61786341,0.355713628,1.728506847,1.146070958,0.806626598,0.56491927,0.507320871,0,0.650568691,0.147755636,1.167190673,0.610799485,0.569879783,0,0.347809533,0.442214348,0.492557775,0.821168318,0.193650341,0.621019588,1.029124014,0.657223618,0.359229811,0.562215645,0.798613244,1.408976592,0.317035909,0.818800434,0.830503803,0.97212029,0.934388641,1.354690826,1.4500958,0.98722505,0.335600223,0.978131383,1.798347972,0,0.711794279,0.672921474,0.983768033,0.523907644,1.276628019,0.400487239,0.184556295,0.192722788
21.21551209,20.27502844,21.16213041,15.09530642,19.27737588,13.88324707,21.11304581,23.65886374,24.44703687,16.39423689,19.34422822,24.17076599,22.57706605,19.4613462,21.44113214,21.47197388,21.37711074,18.6907945,18.78066923,19.44377919,16.40512032,17.60341384,19.3405688,19.31159994,17.04109615,20.36828393,19.81524862,17.45676865,15.66528169,25.50649472,19.79527962,22.81666864,19.46773885,25.74763323,21.01785781,21.75976046,24.99893355,22.13474714,19.26205392,12.64462878,19.01271733,22.44026258,18.69956249,22.36289463,16.51114553,12.50298682,18.87831746,20.19375012,19.97286878,15.08889072,21.69343252,0,17.98578894,22.55056681,22.2094646,18.22270366,18.48015917,24.52875909,21.42688762,18.01994512,17.20520744,23.31535426,17.98411218,19.03097407,9.100160152,16.79292701,20.06163282,17.730999,13.82873555,22.71438335,15.17637202,16.07386987,19.44323712,20.76295022,26.23896703,22.40828326,21.02087833,20.84274708,21.48820604,19.09136969,16.84730116,23.81743618,19.60424915,22.99071454
4.641158056,3.603253596,4.233372765,3.852755816,4.426406032,3.292947493,6.598185772,7.487597102,5.320976383,5.349981315,4.278005066,4.415341138,5.367916114,5.144859044,5.117302254,5.271994047,5.568088129,5.384915668,4.977541598,4.516795697,4.786672806,3.751537944,4.61895792,5.377276508,4.817800595,6.383865773,4.865332359,5.403308002,4.023153392,3.854329905,4.494153413,5.943285007,5.007544404,3.385961778,5.603762429,6.262911176,5.105367056,5.476254959,3.487287378,3.652775593,3.118340837,6.646712542,4.551251024,4.345448273,3.591044788,1.389220758,4.152149635,4.54650567,3.81080484,5.342652458,3.747105893,0,4.608271558,5.317033701,3.084291047,5.033649611,3.54796244,4.161361066,4.439271627,4.909411329,4.899787581,5.602921395,4.255161571,5.182615996,4.168862222,4.270096901,5.844301899,4.310903804,5.161048418,4.930473476,4.033302432,5.858062542,4.644470257,5.050125854,3.308975779,2.168543541,4.513071754,3.729711255,5.219679378,4.247672825,4.708002818,3.979804045,4.19538128,4.589595923
53.80364782,42.70714215,50.02666149,45.82252163,47.71555292,34.77840808,53.35923456,54.09758573,49.81063684,46.97279755,57.55745868,49.77501357,51.34698683,56.62221288,52.22234723,50.69848534,53.09159776,51.03146731,44.6477903,51.33728207,60.10903614,54.28339647,55.22398357,51.61848918,48.90041331,50.0834017,46.83071427,46.42145919,47.70795936,46.32564472,52.73402324,56.888903,55.17734394,49.36080889,48.15294349,46.17898784,52.76304989,49.05406101,55.06684182,33.88513167,52.51305797,50.5232946,59.19262241,54.97412293,45.63833474,54.17960957,53.73088493,55.4149518,52.99458281,48.88573421,50.97451776,0,58.03434166,50.3929044,61.66902376,52.74939136,54.1876153,52.19282204,58.68440649,59.46714091,50.09124816,51.9917108,54.63938857,52.9502327,37.8036045,51.80744111,54.16853131,54.77792973,47.69921138,57.55349865,49.52418212,57.23721058,52.86275609,50.63573307,47.51943744,41.20232728,50.27233412,49.97072697,53.7384312,48.86774512,49.31733611,50.0546713,54.49872169,48.60094345
7.627964855,6.71122031,6.774500876,6.965808758,8.807842975,3.437348927,5.798956283,9.800212005,5.416599853,10.89244337,5.570456209,5.157426722,6.207309498,6.864453629,8.624836739,5.178935548,10.09045563,9.698933968,5.600942687,4.516403911,6.083602043,4.275739237,6.576290401,8.55044163,9.434519576,5.916134051,7.209784487,8.738840178,10.86141301,7.072274043,6.830738594,9.488195303,7.461256203,7.493394304,7.752924191,6.046568388,7.316417298,5.29901699,6.103029302,4.434685119,7.911084746,7.602257654,5.817096562,5.421001724,6.439458309,11.11376607,5.987597042,9.418907832,6.331977035,7.020508009,6.836390457,0,7.106892161,6.808376619,5.728886608,6.99656366,6.043297727,4.991126959,6.044683888,6.437242524,4.78004431,9.097640388,8.275869177,6.743499676,3.539955493,8.018473024,6.508884698,6.705579393,8.450372358,5.871225538,8.06447836,9.764578773,5.495246173,6.6801237,7.415580197,5.059934929,6.558104017,4.205327811,6.451424051,5.038119887,5.022673504,7.31887717,10.50730335,7.494643128
7.790266263,7.271179785,7.878034716,9.145638696,8.66505904,4.493919371,6.41191624,14.16780535,7.885656821,12.70433497,6.5612252,5.577671209,11.70799835,7.256173559,7.366296017,8.211219462,5.494787423,7.704541814,8.850035216,7.515428375,6.358340108,9.072467594,7.083250762,10.79303318,7.888896435,6.984950639,20.34195699,11.33665156,7.989350303,10.29021818,7.731590308,8.254723694,8.253865624,9.097818409,7.218551123,3.61398689,6.173352044,6.416556729,5.225668096,6.636075974,8.299187149,7.605251724,5.61104673,10.18866286,4.52647508,9.724545308,4.284628457,7.478044728,8.213821216,4.229861535,6.200167391,0,8.884286829,11.33756697,8.481281652,7.640771463,5.944172833,5.873075879,8.81840269,7.429072606,5.619169728,8.694867168,5.521687071,7.785264567,7.009272681,4.979440874,8.607116332,5.578965656,4.863982403,4.509133546,10.35710686,4.736838368,6.723569348,5.961858459,6.261904846,10.11986986,10.70620544,5.04486747,5.618304376,7.424828103,8.207557402,5.322184876,6.252377965,4.718038198
33.58257931,44.38563364,33.26235333,48.55527044,47.82157124,24.9101808,41.36269029,45.94334649,33.4846133,42.72162068,34.88779945,31.76815278,32.74223744,29.18459995,34.15746753,33.44062197,37.75715279,37.85816775,39.04363261,34.43208615,35.27380619,32.24640994,35.63400148,33.69125315,43.31626827,34.21311995,34.92285216,31.05981988,46.6080029,34.48571906,30.23596705,32.03622297,31.08681258,33.74197782,37.43278769,37.52113961,38.02807409,34.85718334,29.37828751,39.07818495,39.09401955,37.52823853,35.40592414,36.98474217,40.40160551,34.73051896,40.14533009,31.40763186,35.03220016,40.57133888,34.40503472,0,39.93285494,34.73743475,34.1069333,44.55588131,39.85397235,33.55387845,30.60853413,32.08119412,29.51800749,45.34240112,30.87348531,39.2337086,38.18869617,33.91079964,36.02799687,34.65919798,45.49160034,42.29700366,29.50909817,32.35965959,33.44364811,35.77426349,32.27879999,39.75663159,33.87896996,31.44123174,42.7640792,38.52878116,36.63441883,31.82821198,43.37511765,36.98075463
140.2468001,141.7682798,143.1718754,154.3201187,143.2922472,101.6691379,153.1472531,161.098678,137.4345629,143.9635963,143.9696448,146.9121151,144.8453602,140.8841755,144.6351353,140.5790833,149.9830141,139.5067215,165.102162,144.6977568,141.2901205,132.6216679,148.0136259,147.7333127,161.6310051,141.233761,140.1789726,151.8990794,99.9636415,149.3059264,160.066765,154.7085103,139.4034212,136.7481417,141.0831286,139.3600386,155.0095885,139.0037877,139.3676829,107.3182119,157.7509732,139.5972137,156.1549491,148.2942538,174.2236235,130.5867513,179.3065441,135.7064022,144.7197264,166.6616368,136.8196402,0,142.8166042,133.2709909,152.0204226,161.6257988,143.9661075,152.2304369,149.7132378,142.225787,147.3726915,132.77985,149.4252129,138.4724837,105.1424361,195.7244924,136.1053441,137.7023819,171.3958272,149.0162849,145.9554203,140.5155803,144.9305218,157.2567303,157.3430098,125.7755254,143.2285218,171.7780411,159.9349225,155.1993079,141.1096127,133.1530728,141.1184639,143.6901011
112.0914757,103.236806,100.5969663,78.73507652,98.32323044,72.95189967,96.10416347,98.38579505,107.0578836,92.2527913,93.16404048,90.20447981,90.176924,95.51705584,88.85984701,104.4966837,97.18086526,108.2992994,95.70149468,100.023613,112.6158493,93.34121105,99.33614185,103.1930936,63.47491805,99.69173319,106.3551672,97.87979275,70.26861542,55.89917025,109.6083767,100.217439,110.9878778,99.91451989,98.63873828,98.14240845,98.4379619,97.32832114,89.77437543,47.80996383,88.34041717,92.13386754,87.05339205,93.87148103,72.50370094,105.5807776,86.70981116,109.3730413,101.539729,87.52692478,89.73852523,466.6355576,120.8180799,96.44295442,77.79448593,75.92312398,100.2633157,100.5186757,104.821783,103.3337461,103.7452736,96.97396061,104.9007228,99.70681133,55.56239882,107.3423799,103.3815646,99.09169927,66.2957573,108.7838889,97.53178703,98.06278022,96.02601724,76.30621609,92.15916195,109.1500249,102.6166804,100.1657335,89.79328626,76.51522769,106.1576646,89.80753815,86.00546074,98.14419275
162.6291924,177.6227619,201.4377921,134.1686283,146.9119673,115.4853941,169.5913568,150.9783053,159.5051999,176.3872451,173.945706,159.7687113,155.6222025,157.2845847,183.2731938,170.8292382,135.0614784,166.8553719,148.7149609,171.1373492,174.3066059,159.5503604,183.2317367,164.1646285,132.5186439,158.9587986,160.559745,119.0712484,136.4854409,152.9209909,188.4881577,187.4661695,168.7017697,154.545273,159.392997,155.1203877,161.6415938,159.8870868,148.876579,77.24860425,171.5307206,162.0475954,180.6714142,161.1038557,124.0149444,155.5927249,133.2225958,167.1762345,160.4580464,136.6531425,153.5329413,0,162.9042441,168.7365931,177.6164318,149.6427611,156.5943373,168.3163204,169.8560076,168.2524727,177.3295423,160.8570742,160.4246358,169.784038,99.3763912,169.4978552,168.2240277,141.9545997,129.3133033,153.5269282,157.2098276,107.0175785,160.7658931,147.239752,159.7751516,148.9066565,163.7356659,146.435131,152.1941489,145.6057749,162.5653107,151.7078421,171.6295947,147.3873476
222.4709562,186.3865841,217.9055297,152.6326783,194.5643491,135.9335012,255.1848718,175.621828,220.4223595,197.9938431,184.2090097,210.9895131,199.1545867,222.3528487,164.5087693,210.5279022,237.5171054,210.659769,215.1685029,214.0084893,190.0299257,203.3824181,216.8733848,211.61792,134.2996077,196.6744598,230.7471537,186.4537309,128.8101426,213.8226641,239.0169176,209.9301056,209.2594571,223.9422942,224.3450594,222.3416088,242.3202798,223.9925769,231.4168819,95.84486721,213.9012775,224.8080992,214.8911521,235.0127217,136.0101568,234.7783082,149.0761924,230.1227938,220.2391094,146.5074378,238.4618652,0,225.6466568,221.2204017,200.5786158,133.0949255,229.0827303,214.8094199,218.271463,195.2637063,221.9236703,216.3278607,187.1288707,201.219104,1095.719999,213.5493605,215.7615163,212.0524741,102.9887439,219.6859413,200.8131862,225.6459725,246.6919847,166.8194544,221.9614916,192.2775273,213.4041224,244.8378448,193.7554954,177.7827193,200.5784335,235.8049906,193.6862017,244.0039634
57.22626436,46.284694,51.27859511,53.1538631,39.6877198,35.71873233,55.39201664,58.5657169,46.8004749,55.67604461,52.68852662,49.48020692,43.53820226,47.93304383,52.72986184,52.97453757,44.62563707,49.62715662,54.05803297,50.1151399,53.92049686,52.74864486,53.22229354,53.14196663,39.8182149,44.7971527,54.5354414,50.14143714,45.45140649,48.86787728,46.20138489,49.17810918,49.14747074,50.0375655,54.0464055,49.35734931,56.1154575,49.22961115,49.59330743,25.06944871,54.52527591,47.87005221,60.21987812,56.58182924,39.44835822,55.56883033,53.27599852,62.52221525,54.30329075,48.73119131,53.29504051,0,54.75674198,55.15388314,55.2129104,49.71189436,56.24552886,50.54689161,55.00995859,60.31564574,52.82735415,44.53863296,56.85904413,59.19110387,32.24856492,51.05147414,52.9419003,50.13482523,37.4194685,53.48124942,45.05665827,54.06597773,51.14879748,44.2586635,45.73245223,57.82782776,53.23768572,43.8006972,53.9245347,49.64082866,57.00466083,48.51082237,50.17512285,49.17200912
0.54690744,0.201117087,0.586294712,1.077686094,0.797562452,0.341618365,0.970349738,0.4597185,1.128488181,0.244599776,0.848710301,0.738706278,0.927080559,0.461343499,0.7017501,0.734806354,0.81418619,0.890499368,0.467184113,0.449407327,1.608606102,0.181577839,0.880367339,0.803891379,0.210621267,0.317802813,0.595525936,0.450123298,0.444482127,0,1.020216295,0.74258451,0.621518454,1.295346855,0.748571859,0.715420662,0.963746197,0.276483775,0.456127865,0.602366122,0.684889006,0.300562611,0.264948926,0.10592031,0.664969121,1.389220758,0.15748845,0.172845639,0.294011139,0.763499356,0.382162034,0,0.347809533,0.958575958,0.492557775,0.372575556,0.802437164,1.973699697,0.428935765,0.357312572,0.478511819,0.28115018,0.275418211,0.400823626,0.125781346,0.911862375,0.887449782,0.336999258,0.357954631,0.202293802,0.574160287,0,0.489188109,0.894464185,0.698841718,2.891391388,0.543030401,0,0.585465998,0.598969852,0.675281531,0.603513759,0.400962888,0.799420684
0.385831706,0.230145991,0.477069663,0.194591069,0,0.204272023,0.500113292,0.648229845,0.295533319,0.334172931,0.314536081,0.291427344,0.398410623,0.286599098,0.285853151,0.734806354,0.914505424,0.445249684,0.1829992,0.359601821,0.553932303,0,0.108763204,0.092877986,0.271496914,0.582045494,0.231965545,0.335187135,0.575545341,0.317917008,0.304489029,0.363797847,0.513822214,0.515273999,4.173345618,0.204622632,0.108902887,0.134510456,0.612047656,0.506726806,0.173729249,0.106385231,1.048015887,0.362562334,0,1.389220758,0.111863931,0.768865828,0.22312664,0.523015835,0.287302455,0,0.430162214,0.157777969,0,0.19615701,1.079511852,0.39870429,0.366347882,0.779870842,0.358307287,0.361535245,0.578477809,0.50365287,0.569889873,0.256822028,0.672651431,0.118812667,0.203627481,0.969178486,0.174919593,0.336709613,0.361587807,0.452600576,0.358480532,0,0.508064,0.596722746,0.098840785,0.247124976,0.208154219,0.913708388,0.212629841,0.242679158
54.33983523,52.62210786,76.67187975,52.6526463,58.8765885,41.98773434,57.68794704,56.81210228,57.66679708,62.98367418,58.14403117,51.00830906,50.63998863,54.03563015,60.26513981,55.01531599,55.92767839,57.68387936,52.19492041,57.87483999,58.77366484,51.07659204,58.9378222,58.11027801,49.36791486,50.41521297,59.66299668,50.05973929,47.40036271,53.95289414,60.49179269,58.40497007,51.70401442,63.49372732,57.00310701,41.12348342,53.25747282,61.44151597,54.35121616,42.04637693,57.22285648,56.79979584,60.17874575,60.87394016,48.84743269,56.95805109,51.65109477,55.17509406,60.1264246,53.33321184,53.361593,0,55.94201729,57.1753238,73.76094651,47.39225505,58.59788844,51.96530558,56.75842834,54.55804033,55.0974024,55.70628902,59.12800844,62.82800864,40.91107291,55.75192724,64.13348667,56.96902998,43.0043053,60.40374891,54.42856659,60.0648866,58.47153585,54.02172813,58.46438725,53.49074068,56.33577876,58.53559366,56.33649101,56.66390851,61.72551107,57.50105134,58.42745973,55.70303831
80.23195867,87.44708137,87.86621121,80.46950491,94.72981666,64.43247556,69.29005853,85.78922261,76.6061466,64.72009486,92.67311529,75.97860884,84.10938657,88.55512922,71.10754962,86.30508223,69.64913719,79.57026049,101.9697895,93.41573761,87.98266345,73.68205648,92.54405324,86.8090117,71.30953346,82.26079658,91.1770004,90.49338407,77.17515951,88.63744927,90.48088146,101.7212874,83.99550751,75.8160249,73.39390113,80.84279473,66.48037315,83.39362966,74.2987114,41.29974399,89.20433081,75.56119215,100.518862,77.31563409,76.07747014,69.46103791,82.11460054,87.78605812,88.34441924,76.9980058,83.18472981,233.3177788,78.7342256,76.34504413,76.79030036,64.3987611,75.9021081,95.54631893,85.22925247,86.42076807,99.44097358,95.2445471,91.1061536,73.72240979,1036.508268,85.26318623,94.45502968,90.65160355,76.15658721,66.46679825,85.61854502,69.35533303,82.35617526,73.82881335,86.78949988,75.89902394,73.36086921,91.42978326,70.19926757,81.42094926,90.19260835,73.89089071,94.49340727,81.54884368
233.8455925,234.5121185,203.6289172,209.0857529,236.5405628,154.08154,232.5440068,218.8199155,225.5343741,200.8060913,220.2065536,230.3588901,205.5189914,223.5590569,209.1097517,226.198516,230.2936264,205.3559838,227.6475985,235.0666671,227.6312045,239.9963327,216.1632435,237.5358689,198.4226978,219.428371,231.1891481,216.3389869,193.6697579,217.6792011,202.4401335,248.7662445,237.3230868,213.0204027,221.6905965,214.351557,210.9928338,186.4676792,225.5617189,152.3915279,205.6984098,231.8932303,234.5413044,246.6482903,185.6552714,223.6645421,246.1150423,241.5174925,226.5278739,211.3267246,222.846398,0,229.2635389,216.295573,242.674273,190.6934553,236.36913,229.0689173,230.4790819,236.2175746,210.1207479,220.8357459,240.9943004,215.523017,149.4044108,243.9379966,253.7523876,222.3895854,211.52662,207.1991782,233.9234241,221.1415956,233.081165,219.621657,230.5848102,198.7831579,228.4865564,215.0718913,225.4264341,214.6942626,214.6206249,218.289785,219.1309228,228.6864094
106.4457941,113.242357,89.35400013,98.92629929,99.93126293,71.88121905,135.0861327,123.1352168,119.1532765,142.0075502,97.46138687,123.154835,102.7576821,105.3638041,125.4664069,107.391805,115.8335998,127.024176,98.23542415,107.9471487,89.27365464,119.5814444,110.4410471,114.671762,94.87645298,100.3923653,114.7648906,99.49438232,91.09083267,124.1162452,98.44496596,103.9627852,111.2012052,134.4804132,122.726845,118.078821,110.3766097,109.5667727,65.53922989,81.6313596,130.7167122,113.6740628,109.4738253,122.4290894,108.3469459,169.4849325,128.0353068,102.8949884,110.4674545,99.20146832,124.2059346,0,129.6592893,119.5664619,122.665758,100.0577537,122.438615,103.2480373,106.3731301,106.4732434,115.7623132,111.9999341,91.5454288,133.7997778,88.73017133,116.6795215,104.1484846,117.7946748,100.0450953,123.4506278,98.59648236,127.0437722,121.0687315,106.3325112,125.0784063,119.2698948,125.3194047,127.0859651,118.4921869,100.2617041,116.6770493,130.5771951,133.1185368,124.8606833
514.960134,470.732929,522.9927394,603.2480047,578.716294,536.8249866,558.1613624,534.5112862,489.9002002,431.0169244,523.6066817,532.0918067,519.9633671,679.9543765,484.4486196,515.6204143,543.6258715,484.0614454,536.5564711,549.047964,598.292457,509.3986388,565.8169727,523.5064748,577.5712537,522.8241908,508.0303681,527.1049507,600.9626504,484.9374545,516.1650707,546.888774,523.49219,489.2250198,517.3965475,533.7963943,534.5564818,545.8182402,538.608859,765.6913157,550.5551596,531.2493617,567.3083696,548.5428997,601.150712,472.3350578,554.6563149,536.5051264,525.7394317,583.0898191,524.1683181,233.3177788,583.3305097,508.2813318,573.0698737,626.2313374,533.1571067,549.9914575,540.5672,525.3791239,565.5642525,534.3235542,566.7448214,479.4592712,398.1148099,656.1236906,562.7653377,511.9992892,602.5799169,732.5851459,531.1221237,637.0800927,534.1185467,598.1050769,520.0543141,478.5252747,529.9805546,557.7047555,577.875705,560.3062269,544.1280922,522.5542037,476.3975712,505.317108
28.71942766,24.47813731,28.89732053,23.0748738,22.16291392,209.475098,31.89020237,29.20147017,26.84620858,23.2508805,26.39208696,24.36041064,23.50364696,25.6330991,23.72933871,24.85506646,31.35561482,29.23815494,26.54301494,24.07157165,29.18464463,29.03318117,25.60947228,25.22740602,28.55554168,24.95242693,24.28354948,26.32473888,25.82575014,27.25503827,23.87084924,28.43329547,26.47969574,22.3621072,28.55420008,26.79558043,25.63755696,28.19564551,31.12829974,20.73546268,20.35847554,25.52857136,23.8895292,28.35721638,24.48208993,25.00597365,29.20935169,26.2711999,26.09470651,25.57391788,31.09119713,0,27.09996628,25.28323092,23.17343523,23.50744507,30.68149701,24.16761328,24.05599598,29.68275535,24.13878557,24.66198832,21.95053269,26.59538007,19.22206634,34.37250259,28.83359604,28.63219309,22.2889004,27.3449967,24.78414266,31.68966397,33.26438759,25.47197062,26.51833001,18.79404402,30.28584786,31.78143651,27.70015263,25.06892166,25.52162065,30.64151923,26.96918983,32.69799963
28.53894247,24.25577655,30.71007358,53.51264455,30.89120314,21.28616502,22.85281245,44.07356298,20.77801677,28.23348769,26.00839748,25.79727153,24.01765102,31.43561859,31.245364,29.46073425,26.36630101,30.63912979,25.42510059,26.79072605,30.62408918,24.19538837,28.9886717,29.65916772,46.97263328,27.78000913,24.62054961,25.2769555,64.3754852,26.4607975,26.5453883,32.65901254,29.19283192,22.12639152,28.96854504,25.81553553,23.77276691,31.78096755,27.0289647,31.13836424,36.52665527,20.68278366,35.20586121,24.84016322,54.7599124,44.45506427,53.539279,38.30800485,27.27493754,42.79323466,30.1029727,0,23.5479608,22.37845599,37.3307412,59.24888137,28.23429752,37.42512185,31.18524057,30.15515854,29.2877462,28.75812553,36.73919622,23.30046418,34.01337758,28.75846072,32.77523824,27.97389419,56.72816296,18.55961013,23.70336478,32.3665068,25.56927346,44.00165031,24.72509413,23.85397895,29.05612969,31.21528524,42.10215337,41.95764055,24.11409614,29.37656978,44.5835541,28.40826068
127.7283892,131.0400641,119.8958197,82.97543342,94.61738992,82.43274818,132.7839061,85.61766935,124.3158204,96.06745964,114.7640388,110.7180797,112.0247787,142.2327088,85.7200624,116.1926648,148.3236222,124.2257999,122.8707685,129.1038658,124.5131714,100.0704868,132.0734756,124.4299107,83.53279345,119.4228761,129.7135803,111.3676199,90.3960269,117.4765551,129.9992412,119.0913784,117.7191393,107.9227524,118.4107764,123.000217,123.5712751,135.1780502,118.9047967,52.92761689,129.7410149,143.5328159,88.43703578,111.3367609,80.59012623,126.419089,115.8103349,132.8375777,132.9907304,96.02057348,129.17506,0,129.1810002,126.2603619,138.1380006,75.90698631,107.6432975,135.1194398,132.2574078,127.1320624,138.7382607,107.8028708,130.7777074,95.08760778,61.00160556,128.3519774,142.9532266,136.6813953,62.14934258,128.0453839,114.9529121,146.2717569,134.592423,102.3953721,128.4463579,105.5357857,118.1377613,133.7888076,114.4988155,115.2656884,132.8326474,136.6001325,112.6699234,129.0078933
125.4993612,118.2348298,125.7446078,101.4932546,72.82590327,88.12058434,87.77385618,152.9588333,124.1161065,86.29102552,130.3042142,75.02281995,158.4868938,166.253619,110.7642516,105.6646445,190.5611084,170.8316812,187.0524747,135.5317289,185.7115921,121.5280997,117.2427773,107.430474,110.0307065,135.645113,99.91975601,189.2286985,122.9623244,145.962832,141.4262964,203.9194556,123.3878024,103.5366331,93.32770276,101.9406119,105.1113531,114.9086304,138.8930022,151.2811738,122.3951388,158.4057929,140.5347423,41.56746709,93.49116935,73.62870019,138.369377,117.5984241,117.1163126,125.1486372,104.8031348,0,131.3221873,129.6152991,159.3770719,95.13111467,104.3030229,143.4735535,121.7128133,108.9493351,118.6201924,107.5954964,107.7704488,71.01620677,89.08867424,89.94792395,166.6286675,107.0107923,111.1507277,28.50762371,153.7693592,136.5150868,94.86937986,138.072466,80.46044063,96.8616115,118.0167931,115.3432234,115.6010011,117.8674747,144.991622,109.925457,117.4825643,98.87921417
44.96281274,39.35370285,48.7800855,43.96732908,41.16240665,24.60377277,44.81011388,48.41994641,44.33428628,42.09092668,41.23870866,48.9379039,43.28701913,42.57075227,36.91265059,44.98787925,52.2696567,35.19136392,39.4769438,43.89461275,37.67299774,48.73661236,42.59833479,41.63876086,45.47025606,43.36030768,42.83625649,45.73907915,36.40772821,46.24478609,48.55173014,46.4808207,39.49122251,41.11729641,48.07336236,44.46709533,44.61611581,45.1675654,50.37872214,32.50254262,48.00059327,49.85580697,42.96285845,53.99569102,49.33577039,43.06584351,44.93182826,40.57411679,44.97523473,41.48938114,45.97095102,0,41.1674765,48.99538002,43.49932329,46.36350372,46.18394118,38.75273876,36.70174114,42.34666455,40.74804423,45.84891703,37.04126015,40.19982181,26.88607119,47.04504679,39.48422073,48.26314233,38.36999122,43.76123048,49.23394811,50.83630433,50.55825338,44.22017361,49.18809979,49.1536536,49.85956811,43.577282,46.35992336,42.72952596,37.30584427,49.52440344,47.52700585,44.54666222
0,0.047705201,0,0,0,0,0,0,0,0,0,0,0.04226117,0,0,0.11658588,0,0.076276464,0,0,0,0,0,0,0,0,0,0,0,0,0,0,0,0,0,0,0,0.097605065,0,0,0,0.106385231,0.138364373,0,0,2.778441517,0,0,0,0,0,0,0,0,0,0,0,0,0,0,0,0,0,0,0,0,0,0.118812667,0,0,0,0,0,0,0,0,0,0,0,0,0,0,0.09133396,0
95.46677734,70.19218276,80.57424071,71.63927094,102.326638,64.39733036,94.22693764,81.5095037,93.15382373,69.77316888,84.37729123,95.71713717,98.63047557,92.30066209,83.38464735,103.49111,111.4000428,92.5846423,118.7090509,98.91855456,86.56089389,95.81849195,95.2591953,98.40478617,63.24227092,95.59516977,98.32429856,105.7398909,71.59655607,74.05424798,109.7447894,112.2209454,92.40718866,95.52709329,93.88257463,96.45526271,98.0891463,98.30074323,102.2643004,47.18419817,100.7768637,91.81846215,105.0168129,100.3456355,66.34660662,93.07779081,55.47947804,106.1064441,101.4766665,71.13786661,94.85601758,0,100.6329202,101.1000258,94.42722813,70.67419856,99.69036336,108.9896194,102.72437,93.68967178,105.1618973,101.0917049,89.78534099,92.97812428,49.51547365,106.2919368,100.4283029,99.81045867,62.37173161,91.66213626,95.52140314,109.3058344,98.99037121,84.79253961,111.7092501,78.79041533,98.73902569,106.8862815,88.39449238,84.97457651,90.16817737,86.37862771,76.51422132,95.58895889
67.64309882,59.95731488,67.27509006,63.37220994,69.20346989,48.77071601,66.78382276,61.32277186,70.60760659,51.21527547,76.48837785,67.48666419,62.88347899,69.58160499,58.38547365,77.16327777,77.72532972,63.15414686,77.83094994,73.55857241,68.95374976,69.40631724,70.24009919,65.39899307,65.98355046,72.78607044,73.17148367,64.75239335,59.00236824,73.9357188,71.19006861,69.31535332,71.28489273,65.23055086,69.45052859,69.46731275,70.04836693,75.48479824,68.89025587,41.83837421,67.27433345,73.85568353,67.98585572,69.71735911,57.71716548,62.51493412,67.5635001,44.33555143,73.95081009,56.27840122,70.91016356,0,76.1822468,64.75208783,74.11398743,68.00048868,69.90924589,68.516798,71.72511363,69.81497011,79.46644927,65.04737192,68.75531862,62.45436257,41.71315639,77.41298734,72.73702616,67.24643522,53.24118885,71.30963982,70.96612684,85.97204661,70.17920752,64.60353,72.45564053,62.16491484,73.26368117,77.99916347,69.69716743,64.37737491,66.68673172,76.7177461,68.38286136,72.06269217
111.1980494,106.1948078,112.984629,104.0546645,101.0294622,70.84225377,103.9007677,89.31806588,107.2792693,95.69384052,105.9375746,97.14048083,94.63507941,109.9862579,89.9254287,102.7392848,120.6146438,99.83773146,100.138574,103.149384,119.5525612,93.00179976,111.5390173,101.430663,96.9352564,98.18245981,100.1348964,97.29584631,94.91400531,89.11377303,95.94590025,109.7323716,109.8623183,96.27764722,107.8213588,103.9583642,103.7314075,104.8924598,102.3725886,63.90266776,104.2777746,105.3138955,108.520048,106.67397,98.99951194,97.24545308,115.0343997,107.2502059,57.34048216,95.15270318,107.327838,0,111.0149852,100.5812582,109.6668767,104.5800779,101.6601048,102.0623994,110.3409013,100.8118569,101.343028,93.70130121,96.64016786,98.13876239,68.50276383,125.2937501,113.2272315,105.2702165,104.0319247,99.89626046,100.4049873,120.2203269,102.1097848,98.54494211,105.5646124,95.41591581,103.4723311,100.9474106,98.41287777,104.6633123,103.2489822,105.9025,110.7147852,106.3883002
79.36558888,62.22886036,95.80489526,136.099824,112.7000501,61.31201962,62.38098922,131.0718264,71.6224284,79.82558741,72.83539672,68.75118048,79.65070908,70.05733019,89.95230097,70.08262604,78.562657,88.34813631,106.0041619,70.61134474,77.55101083,70.63629766,77.09108104,72.38856916,140.1817371,73.4549212,72.0839154,102.0628952,116.6596456,88.87561115,77.4430477,107.0600664,82.60145238,67.46832467,81.12913215,73.4895561,69.10769719,104.6726975,67.41247852,119.3386907,91.40891664,65.93001983,112.2351259,64.54518122,158.7753758,91.68857005,137.7786575,84.78178064,73.4768766,110.4370936,82.75380103,0,76.21268144,69.95813492,111.5842455,158.8136093,83.02489994,92.50291492,87.97335793,82.37951332,86.3074986,87.09071207,97.31887537,69.7312563,1104.567687,85.59284289,88.82321489,67.20817904,166.2302495,68.00220408,88.16989478,78.94931447,72.64318841,123.0959446,88.21083653,57.82782776,76.07646722,93.74073637,122.110945,96.29492445,72.21521062,72.81636304,106.9996256,75.69601434
49.5263326,71.11340596,70.05640487,57.36310999,70.93713164,33.750058,47.7424774,53.79313955,53.96639972,51.13837149,54.0806966,48.00239085,55.11352792,69.32285532,41.62649069,50.6524816,67.87028596,69.10553606,41.56815408,55.76322851,50.84945105,51.40189544,55.05570791,48.67182234,45.90882745,51.8798776,45.72400707,44.86916733,50.20964667,45.41177126,55.71622028,68.18332138,47.41835943,43.19315187,49.0929812,48.27913007,49.65212974,50.99040929,49.02668024,50.6976249,39.68726672,55.8804934,45.48875661,44.28794382,41.06005247,38.89818123,44.80981607,40.88831236,48.96358469,43.89237332,27.42096411,0,41.62829731,55.40281911,60.51474889,41.91207549,43.97615275,48.25170941,43.12552237,54.65546594,51.03858529,62.09199001,51.24111004,41.03809882,40.28565834,66.78226064,57.82731354,56.81017611,56.21472978,42.08891544,58.7511096,42.87663977,45.68059648,61.997391,55.28963074,41.92517513,45.85592809,56.10580998,45.96547522,53.26890183,42.48960051,57.83943807,47.74340889,58.60808551
370.2119941,415.4077126,377.7808993,287.4849316,319.4755614,226.8679381,397.2787584,307.9379277,350.679584,289.5395169,325.6218154,361.3746977,319.1472705,372.475991,264.9217043,336.0096395,444.8900581,351.058232,345.3661626,339.546033,324.7546255,380.3956789,355.8571326,349.6236591,233.7221966,332.0744571,380.2095617,318.0639927,254.5022967,372.8162312,340.8110157,348.8265281,338.9497889,369.728345,390.3863946,390.6622911,370.1069379,367.0660498,393.1951988,208.7672908,336.3432685,347.5024336,353.6828691,402.3667489,274.5542305,425.101552,309.9917458,374.9860345,357.2251762,269.5610766,389.9978349,233.3177788,393.1246286,370.6022361,320.4264691,277.3414653,386.6830559,332.34819,333.8944847,352.2307829,351.9691048,324.7315649,335.3758398,349.3822001,233.9334381,434.6856108,350.0432286,409.2958911,220.0945807,383.9479339,355.1933002,402.0133375,406.6677431,322.8121996,383.5591826,302.1504001,367.6249956,427.9353459,323.9110294,301.8146526,360.362977,405.5620525,377.5568126,398.8858354
121.7000041,99.67278624,101.2232329,138.0846448,114.9490074,78.39313326,112.7970454,136.3496604,103.3157239,103.8464981,117.4492361,111.2844414,98.81223151,120.7305856,91.7712954,111.6659874,135.3585586,111.9533162,96.85275078,121.7802769,124.2384922,103.0610733,124.4963625,106.6123632,115.027205,111.169188,99.24728426,105.5333575,136.8665113,97.06114648,103.9086096,118.5423857,115.6113702,96.77772601,105.4840392,110.5621819,99.06818075,119.6181146,105.9180335,91.3581105,121.8014146,103.777341,122.3916307,97.96087363,140.8540476,123.6406475,148.29858,104.2889501,109.7330793,122.0935478,118.2175113,0,81.29954047,109.5550489,127.3058793,128.5991244,98.50712717,126.295771,112.4693636,112.21957,114.1458715,113.2007628,117.9322856,100.3084816,94.74701557,124.5758073,125.7055385,107.2922874,141.9388482,101.9794931,109.5210937,125.124339,108.0258636,122.3537356,101.4191415,84.5731981,110.0956195,123.9979102,128.7487633,124.3364446,116.4450994,114.497023,134.5705062,102.2338687
89.99814204,96.73438356,97.78825257,60.7362212,113.6341089,62.11512778,90.96613132,62.76190366,90.18763591,87.34519122,92.2817858,84.71467055,89.17906531,95.46763387,81.87597295,100.1605297,69.08187165,82.40354031,102.8180955,91.03899976,87.4202026,98.48377503,92.67116826,106.1908185,58.58078838,96.13344211,108.6858357,95.74426788,63.9774229,83.11488271,102.3517854,98.80955671,98.26321584,99.28160592,92.88794734,92.97876721,95.89632314,95.20893137,89.28916879,35.0764421,85.41873063,101.6086845,89.48505167,86.1796202,50.09202044,101.4131154,70.94746359,107.3586948,89.76504297,73.71089699,88.14194136,233.3177788,90.92520394,63.34866756,78.13902929,54.92015429,83.90332644,84.49633772,101.0512496,99.56517087,87.24514922,100.8293085,81.13581524,97.37859559,34.4394083,93.83827652,93.40506849,92.92197827,50.73897054,81.57998289,85.63824814,87.67165125,92.01852519,70.60362485,80.65920856,82.40465456,91.55107378,79.5498256,72.6938952,76.69645734,86.72216642,91.73672154,74.22577503,94.65375574
80.68957442,75.72444588,72.9162421,93.93678678,77.86386229,245.7785563,82.14102959,96.03523369,83.17696985,74.5901573,80.61471911,82.82377212,82.81035105,86.97968769,86.00115457,77.47879536,89.72197435,71.8787478,79.64713994,78.50545469,80.49466859,78.13937355,80.78552811,78.59170297,114.7160815,76.56043747,80.20745403,97.90316859,97.54659757,82.43861937,72.16512735,81.83100182,78.60770313,84.44241195,80.04565106,80.56790168,83.44350448,81.54935398,88.4350706,56.7229018,111.7872079,84.34201827,90.85372813,82.8906923,104.5309861,90.29934929,89.64735934,81.83437669,79.96945174,95.86125252,84.73190371,466.6355576,87.71262717,75.54597654,61.26519546,98.6362069,77.7501825,78.19118729,77.95517001,76.90919001,71.59614304,73.13988751,75.29774571,80.41769563,63.60374771,85.07499899,78.29193913,79.98243178,119.0907894,84.20320644,71.16647583,87.42655679,85.62081534,86.77923278,80.50672489,76.62187179,82.65069325,88.28836164,83.80420128,101.5468397,81.85191389,85.73726339,83.20791742,83.3118783
116.0851109,111.6208348,112.3492647,118.8269146,108.8343876,63.83719954,113.3819467,104.710107,107.8398313,96.53707513,111.1691599,105.5813324,102.0523681,127.1956715,104.3173013,111.859664,124.9168621,104.3886093,101.6888954,111.1326519,116.2905851,94.47174252,115.1656797,104.539695,112.5054086,113.2458078,98.49642978,99.70310182,108.1175642,97.17912391,114.7002248,114.3631913,107.0818552,103.8891172,106.3689295,107.9115299,116.5373874,110.6403357,110.324498,70.95987986,115.1144206,113.8523695,116.8482695,110.3349439,126.452005,118.0837645,116.1456083,113.4987049,113.002391,103.2365812,111.266447,0,103.2819567,102.4387326,112.5482161,109.7724372,104.4837352,116.8092467,109.8009209,108.1121323,111.4935303,104.6081142,111.731891,97.76558693,67.94836923,123.2561216,118.1640733,119.879893,116.0127748,108.9842327,113.4011017,120.3290601,111.7110316,109.4400498,109.8261343,102.6443943,110.2947953,115.3072142,118.6262137,116.9971541,100.9794224,113.6361128,119.8483696,106.944923
295.137588,267.5949927,263.8864013,226.9193399,273.2848064,191.2616964,266.6220923,264.0757102,277.1915866,288.487709,284.7275109,279.6494523,261.3435895,286.338184,260.6543108,287.6163937,269.7562061,264.66331,304.4508533,291.3286966,270.4887964,291.6824671,267.3205112,283.9825127,232.9693563,294.407315,283.1731764,284.0861534,227.935321,263.1286429,269.6261996,294.5587936,286.640669,267.4015522,258.1664537,269.9408595,274.1515135,293.0351831,285.3864694,150.6012954,266.2708137,260.9991493,299.4863314,280.5360098,238.0017012,265.3411648,260.5410946,299.4669711,288.0528851,249.4485854,277.4550974,233.3177788,270.7674569,269.2669904,270.1961485,225.560045,116.7036547,283.6988444,286.3122806,252.7979047,279.0742362,263.5550665,262.299741,268.5462934,169.9709521,277.1812651,282.2650011,273.9351885,252.523382,258.5832932,281.3309905,267.5856798,276.8368048,253.890373,253.1624497,287.6934431,280.2010715,279.5306641,274.1556996,249.9622541,264.6843797,277.1128824,239.8720244,289.8211992
72.62387882,68.52820384,83.71952973,84.5222834,70.38289532,50.76068586,76.11288897,86.7401753,74.12654604,63.94543389,77.9000487,71.65829179,73.25901212,77.13875935,81.10167375,73.76947252,84.38542065,71.49554256,73.36166994,74.4552204,73.24784721,69.64627958,76.05398364,73.80948036,79.16724586,77.30519703,70.82145908,77.38999873,68.30801468,73.81774136,77.78420464,81.1942472,68.87378044,70.73664649,67.50106962,71.15303111,69.80502107,79.27236182,73.10480042,55.40411956,79.5276439,80.81301299,82.87590779,69.66464096,87.91118677,61.12571336,88.4905262,75.87263322,76.27354392,78.26793371,76.70199335,0,81.93466599,69.66712883,90.96875125,86.79452384,72.55881405,49.64615833,70.42697432,66.27765378,74.22034722,68.55999752,74.67531664,69.74775782,61.53352059,73.03255679,78.24915753,70.79988177,79.7301067,76.51908109,73.93763341,70.89803476,74.59898251,80.89700818,72.0300056,67.94769762,74.07323883,83.40965449,83.14910592,74.05651722,72.84832321,75.77968868,78.73582597,70.06419983
16.74086329,15.2475743,12.1516428,15.3112635,12.7827773,9.963373325,23.05318533,12.65252708,15.6537909,21.79671051,18.16789471,18.69149818,15.70902464,16.266525,18.70049587,18.49955944,15.70870338,17.7429418,18.59295028,15.59660947,16.25853262,17.68554274,16.24539748,15.15756984,13.14320301,15.62538956,21.1250986,18.83747332,12.5595708,14.66074941,13.82988627,14.38622763,18.50868222,18.78470814,19.2708137,19.02773384,23.02538002,14.34425081,14.40638294,7.208225278,13.88984943,16.51222189,16.64466309,18.5607484,10.98226486,20.83831137,14.648103,16.19087138,16.7774003,11.29426137,18.23560453,0,17.50589747,19.19756528,11.6395799,9.415946015,20.34870736,12.29201807,7.854189498,17.26837343,15.29300521,16.16568442,12.59963638,23.5176072,7.208274876,18.82853416,13.51641503,14.3023274,8.754813786,21.16439724,11.73377717,20.4900552,16.24559725,14.85773313,18.39469575,23.13113111,18.81461767,12.73133239,15.63667338,18.34189562,19.80674297,18.63862626,17.75510109,16.16704982
37.13120295,45.80548351,34.50012794,34.28723684,40.60865922,35.96876476,30.28935558,39.92317955,35.36225512,40.43935682,41.72276652,35.376798,30.09166589,40.69889981,36.16392057,40.02614767,27.12645015,33.13159043,36.4239001,44.41307584,43.56687449,32.8905924,38.09693397,36.1916483,36.71080337,38.55472055,32.21965793,34.62534296,36.73829738,39.4909808,36.62810108,40.98948515,41.72264145,30.17846672,30.76068795,34.52178149,29.88741848,32.62659684,31.66474259,22.87304671,32.73508013,37.0241737,35.64152051,29.04018951,31.47658099,38.89818123,39.51841224,47.14760532,35.64879203,39.94873016,33.19970612,0,32.48162314,39.15350624,39.27982738,32.97643995,30.58475489,40.68570307,42.33596135,41.29216374,37.78352199,40.50203468,42.13699488,38.72519949,21.04331331,36.07183264,37.90245466,36.36414303,34.06369283,32.77991734,34.96202504,28.59056609,32.17738581,37.95234448,28.55462434,38.31093589,32.48307598,31.85061026,33.49248743,39.40712492,32.88791298,33.27044479,33.0359395,29.89996786
18.86757519,24.15333276,14.59473043,30.01211163,16.87497512,11.0023386,21.70881642,23.66047241,22.55422049,23.57814783,20.36487615,26.99339466,21.20975419,21.37634376,25.607699,21.7885425,23.17522562,20.49979068,19.676293,21.04895755,20.13824406,25.00382862,20.92541213,20.64306144,30.75977368,19.91651585,20.92687495,22.09563906,21.0160592,23.48046349,23.43773653,18.31813931,18.29143059,22.55354448,22.808875,21.65331218,23.74149969,21.19230344,24.90895535,19.52735725,19.22297908,22.08451336,19.53554164,19.98853132,24.9967686,23.61675289,17.10607352,21.25365145,20.55234472,20.08040858,21.11282339,466.6355576,17.78545234,20.84443757,24.46930186,25.43327687,24.32100518,17.00030099,18.40353202,20.12183795,24.6085334,21.56798089,17.13021616,24.26520959,12.01766528,24.14123845,20.3915181,21.72430635,24.19720038,23.40873403,20.17448557,21.80135689,19.32996026,19.29962852,22.74602505,18.07119618,23.89821542,19.19219618,21.54870122,26.96443125,20.27747159,25.63527288,21.59559642,21.10634034
199.9025183,210.0575193,182.4260506,152.8126604,257.8524729,535.8619342,197.5706533,191.0287444,192.1233098,197.7576594,195.2637821,170.2292784,156.2673508,187.0648694,211.9435827,202.6366069,158.9929757,196.7130878,198.0033939,187.9466479,220.2685621,166.6806441,207.4172622,223.6962897,155.2247449,183.3085549,209.8003919,173.9338138,169.9583277,178.1904273,193.0836194,214.4645031,205.4343821,186.8456165,187.1579184,193.2161439,174.4795776,166.3952791,164.4580322,111.6152348,169.2956424,185.5991956,194.24609,179.7711398,158.0066922,198.6585684,192.9704822,236.0852517,192.1156664,187.0466941,165.8226215,466.6355576,176.420185,188.4931837,184.1509001,183.7217959,188.8753972,191.3306009,222.5084881,218.0372275,198.7608201,150.0668793,260.1397301,207.301279,1110.760672,168.9396095,187.1333239,181.9638624,154.989363,175.4080384,191.8177085,165.5157981,177.8082752,171.684076,173.5040939,219.0228977,170.9677278,197.9576139,181.5727917,173.2278837,201.1273082,160.3327221,173.0126385,160.1499052
46.59226623,40.69936069,46.90301028,33.323011,41.57263201,26.81548956,48.23656391,45.07966597,45.91618173,56.05372354,40.19192317,40.4189248,46.6924912,50.54656202,39.71659763,42.21019243,56.6955824,44.50391549,43.46726716,42.21510372,50.55338691,43.63511282,45.35945601,44.17089526,32.35077316,39.87289448,48.07945433,47.22760361,32.29363437,47.39682142,46.15772153,43.05558363,44.03927913,52.01097621,45.27257051,44.49207467,46.72094058,45.97461249,52.08220834,25.2506787,45.17832864,48.87583805,45.25914714,45.94479974,35.70553465,56.95805109,34.06951996,43.73029961,41.77066063,35.3448666,46.85848544,233.3177788,47.5021173,46.98516189,48.08035767,32.98333661,44.71681418,41.99143764,45.42053427,42.47102406,41.83080755,50.60946144,50.3146257,43.69782133,24.59101643,44.84183172,45.75439738,43.22897148,27.35682671,41.86970667,47.10605152,43.05302287,48.23408107,41.21972807,47.73956981,39.75663159,44.83855004,53.45883248,43.09950152,41.78375473,43.46398055,51.78221539,45.69251751,53.97575466
7.123590164,5.676136915,4.075176864,5.031364647,6.164882902,4.374178194,6.507995274,5.075850984,6.080518086,5.599877167,5.303350757,5.303140394,6.23791062,6.99023304,6.121037201,8.2572232,6.887747929,5.28835869,6.472117278,5.179993312,5.496824703,8.205642847,6.06270864,6.950871696,5.100745092,7.388267037,8.099511667,5.822779661,2.535829551,6.714479471,7.372752846,6.85179919,6.493368368,6.595245735,8.17812819,6.127942975,7.906069234,5.88749873,6.588235938,2.245029491,4.592510155,5.970414515,5.137054518,5.023154522,2.598545809,2.778441517,3.298467975,6.314698178,5.317280239,4.666936752,6.694644888,0,6.11739626,7.100292361,5.910693296,3.79150254,6.673021179,5.74783252,7.19028044,7.165304884,4.422659548,6.787514597,5.798100953,8.691435514,2.267938042,5.306749009,7.129057692,9.010255608,3.167014944,5.532679301,6.050630415,6.374578856,5.130742332,5.558700815,7.144451301,9.397022011,5.91453484,5.080102364,7.200994907,5.181597019,6.964679529,5.517730961,5.052634228,4.982144194
821.7104683,839.6389935,780.2146866,669.7633381,729.4149956,559.9664452,809.7366688,715.6346014,807.1277065,809.4030328,745.8371421,779.6596378,757.2812022,831.622826,762.9916271,783.26618,864.244623,823.2131274,822.735262,801.5795246,854.1533762,861.3135536,821.5191761,767.7211912,621.922897,764.6129627,846.8567425,864.5398888,645.9049305,862.7361742,826.2193638,779.3169512,781.0793279,854.3936178,830.9592095,827.9030401,811.5881595,786.1832893,795.4966132,573.6643339,752.3373344,853.1942247,776.1092718,867.153214,643.7592388,829.3647927,717.944258,768.2192814,773.7352022,712.0205253,786.9697377,933.2711153,898.0526727,849.9550026,784.5674632,640.9712369,876.5337519,752.215298,757.2629342,765.5446584,774.9453227,828.4188898,790.7697757,855.4352177,514.0554543,746.0098843,789.8473227,807.8533362,595.6679596,753.2472381,838.8128146,777.2476311,785.1708528,762.9857599,773.3008356,778.5071313,832.1807016,822.0486102,771.2368267,687.4773238,888.3131161,798.6977297,731.8916343,790.7123108
80.07238283,92.70655883,79.98479859,50.29166317,71.40249272,56.62800353,75.95165369,59.54327188,80.79956494,71.61939442,81.89928397,83.20306142,69.23861947,88.14092277,60.92349041,77.98042995,78.83659617,77.33296245,87.42765018,87.84513317,59.39924138,80.25349877,79.57894673,95.71367532,59.07477847,85.82030086,83.08736269,77.64268693,55.86251511,79.81718344,80.30170356,85.41827576,72.70060351,79.26015304,83.0221899,85.48538641,80.78018409,76.10633479,79.86058766,1091.846609,75.38375758,91.85228281,67.3499395,74.02552471,54.37194847,94.46701156,79.66374232,94.80056528,85.37328265,67.18316526,83.75719375,0,81.60405644,86.07097422,72.67860394,50.95143122,78.58490655,74.15606834,90.33828108,89.69654462,73.28408038,63.49872901,68.69704883,77.40706902,36.95761776,80.35930956,84.745778,82.38757729,48.23203895,55.73450501,69.06234687,72.85985189,84.43385404,66.64194064,82.44387637,77.34471963,85.80922889,78.02645453,69.91082986,66.82049049,79.62425295,84.64788148,67.63903471,81.91274367
120.3884948,103.6466468,127.8405927,83.61386585,116.6914504,265.7685383,111.1385563,85.74097427,114.5582183,97.19482516,109.6539685,104.4257609,112.3169051,125.2883217,105.4127171,113.8073839,126.3987567,110.3710175,112.0633739,112.5852631,132.3568233,113.8845104,115.3683489,121.359507,75.45769008,111.955988,100.8039464,109.3396856,87.41555696,110.4474691,128.4433396,109.1558324,113.1372097,109.2476182,113.2285602,112.5276011,113.2430355,111.2694677,108.8071159,54.29003777,109.6058457,113.3040439,102.0259029,110.155972,74.10448628,104.1915569,86.73482079,113.0229621,114.4875314,86.76895452,114.8978351,0,101.6332421,117.0910835,110.383531,81.5468818,116.7259299,113.5162577,115.6826944,120.1689554,115.6776258,115.5715041,105.0295896,97.64203128,58.80947091,125.2584726,130.5931965,118.102753,73.12091014,105.6973046,109.1263624,113.9442104,114.8534243,92.84424985,118.1490424,101.9215464,108.391537,111.1923059,97.21547935,101.7258622,108.2509364,121.5819347,107.9293107,116.4166316
15.70582595,7.472437073,18.6548194,15.49747973,21.75802423,13.28098107,17.88892502,18.28722778,18.85539277,15.83475993,18.88691026,18.83721185,25.92295709,16.97269345,12.96568959,18.62685799,26.66350482,20.64764934,19.82707579,16.23774861,23.3130221,15.44822418,16.31748895,17.32602175,15.19025797,18.66287104,17.89434562,16.11844538,18.05289778,5.998338575,17.9703697,18.493452,18.86036723,17.40124024,14.19041632,20.33011394,16.66099322,14.42333137,18.39632422,11.63286176,21.04904434,14.36160079,23.61280045,17.04931445,17.49705856,26.39519441,8.99170301,14.41437497,19.04307569,17.05112162,16.73658625,0,23.58488183,13.12757144,24.36150238,17.48092611,16.89883566,18.25799419,16.33199106,15.16173211,13.51300033,20.00106478,17.91550655,24.91380906,14.28947713,14.04094537,16.2037401,15.46738048,15.6441007,21.43922505,15.48027375,26.18779122,16.63746796,23.77591555,17.27950397,17.34834833,19.59406171,14.27931654,18.59537323,13.93759871,31.29446032,16.30127639,13.50602893,14.50392794
39.23786498,39.8320645,33.85599513,34.92140065,45.14596,28.11510247,43.82811559,41.74179853,42.31241591,42.53784354,39.72643595,43.87888057,40.52203488,39.96351097,42.07786972,40.07530448,40.9213332,44.74697586,46.08447694,41.95634127,39.9121059,48.65769564,43.35250583,38.43474785,35.06023067,37.77203827,42.87084878,42.08899355,31.38751987,44.73385267,47.69259413,41.02804709,42.35080669,45.62149147,40.48100324,43.65048804,42.98446567,45.01188091,39.28044377,27.63997501,43.23840695,40.60618639,45.2944866,47.42088312,39.12060351,44.45506427,38.51906755,40.41450268,38.70676745,34.08121884,41.71372166,0,40.74591268,45.24822603,39.61172338,30.86283544,44.75201968,37.5169279,39.46937529,38.30391553,37.17281282,46.26824141,32.95393825,47.65856342,27.3788664,42.05534968,40.32220675,43.18769822,24.91414512,43.88981587,38.70692773,45.42604673,37.13508635,39.3227002,41.5577102,36.8652402,38.94342328,48.5644619,37.56167253,37.12468947,43.67639348,45.62237319,37.72411825,44.11836297
69.83028949,73.7034063,62.21341106,79.07737091,70.66633373,41.59679546,75.18489407,74.66227958,71.58554756,95.6473825,66.64875925,76.89384606,65.61281323,58.22184795,75.8721314,61.78465422,81.36033387,79.43240092,70.69230887,61.28813239,61.94328326,77.75568565,67.42461821,65.57035385,74.29538673,65.70562193,70.65300943,71.83593355,68.01174601,86.64964035,76.26702932,67.01878786,70.29540863,76.34518687,80.23070528,70.07607448,78.11024771,72.71355702,68.64128402,1113.172632,67.25170357,73.93050652,65.268487,84.81765699,80.15867149,69.46103791,70.40844045,64.71260532,61.84211945,74.081964,73.86127044,0,70.26999753,67.13455732,75.68681287,75.10692192,83.6049176,61.5613868,58.23687517,63.45391313,61.88356153,80.75105679,57.5204461,75.00338428,55.45986037,70.45819823,78.28429564,69.67770381,73.28862961,80.2427268,66.46816752,75.46533725,70.86495386,73.06391537,76.86056049,80.95895887,79.1904236,78.01796275,78.26750794,70.84091717,72.53859072,81.59302341,83.51936751,68.95059803
44.69535951,29.09042147,46.52004485,37.77221908,47.64162376,27.72759345,43.14628916,44.60145169,43.17996489,37.32255459,43.21540214,48.00617367,44.26297182,48.0026674,40.22437184,45.24037429,51.0232976,46.97594009,39.97075835,44.58547043,44.13294365,42.58671024,41.43842914,43.16925048,41.76978463,44.07867834,39.6118728,50.59382628,42.60782202,36.5128538,46.43699657,44.55900457,44.52478131,42.01500923,48.59604507,43.0336803,45.18406163,46.39516219,44.54100639,28.88159952,41.79509033,46.04839007,45.09722313,42.13425275,42.66958104,29.17363592,40.1439713,41.86140027,44.34545683,41.68781587,44.77268002,0,46.17603506,44.11753926,42.51213284,39.74861878,49.68923532,43.12909261,45.23736033,44.35218123,43.97649991,45.505655,41.48891577,40.67111423,24.89772217,49.39026523,44.23495168,46.52466431,35.23542347,46.81797394,31.07022341,50.81682415,43.19886266,41.57402452,51.0333154,37.58808805,47.41187007,39.44029396,40.60208027,48.5463935,47.6390358,48.35549051,40.33868822,40.26402596
21.78265238,20.9110595,19.27645138,16.80527706,23.25022222,14.09450906,21.99972753,21.79048683,24.54688527,21.233547,19.90804819,24.7603793,22.61850539,20.5443959,21.14055528,22.74580794,24.99660514,20.94837515,21.32292858,24.51842053,18.3006655,27.36112835,20.40487936,22.24839588,15.88850905,20.20856804,24.30470723,24.30677769,18.37780295,22.84518123,17.00662006,23.16143423,22.58652017,23.45169305,26.36056642,21.93519667,20.68997074,21.29905045,22.397897,12.50535083,22.0453913,20.58237217,22.14969145,23.18595716,15.37378426,34.73051896,17.63159407,21.96798402,21.50447972,23.04662235,23.71018865,0,21.14863327,22.93134402,21.3638659,19.7581792,27.33598629,19.79646851,20.42852008,21.30940512,23.90437291,20.32263277,24.53886646,25.55972289,13.53608033,23.0875697,19.41318728,21.35747731,17.73157271,22.98843557,18.8331202,24.48133937,21.84988994,19.56636183,22.6010873,20.96258756,25.0520023,22.21190917,21.82556086,21.90644116,23.4242515,21.16888827,19.56698581,28.82945723
13.4327464,18.57937056,16.1063442,18.69923001,19.6481776,9.283631577,14.51829651,17.75376022,17.62139709,16.27307207,18.8741533,13.25278203,12.14236995,19.09074183,18.2362865,13.92497863,10.74640809,16.82095361,7.445040247,17.21630701,18.82805323,13.36873905,14.52593091,13.72202317,16.37191053,15.5208366,15.47929679,10.15003706,18.81079882,17.44114385,16.33699875,16.41898814,17.06061447,13.57336604,13.21774607,13.96240979,15.50339547,12.83983927,13.26260262,11.91977971,17.65740476,16.57544722,15.54952793,13.39629014,14.84974599,8.33532455,20.11017948,16.36063506,15.09041794,13.6039408,13.82197533,0,17.10991126,17.61905204,16.2987713,19.92995208,12.27786302,15.53281618,15.98376346,17.09222358,13.62351836,16.78919027,10.47921486,14.11741409,11.56322657,15.99202041,15.9768388,14.20364312,14.57414812,17.74303376,15.53739232,7.541610607,19.6520379,17.60920395,16.12193924,16.62550048,16.74605725,14.60955852,16.38638424,14.61384653,11.84472689,15.44220188,18.30046055,13.39044489
29.97376947,31.59075008,30.4891086,38.51435386,29.95876329,19.7964554,34.56742988,36.21401884,33.30799942,32.32793419,28.91233709,30.64299507,33.78344941,32.16917949,37.29007254,33.37109085,39.00738933,37.91296291,31.85759146,29.85559858,30.78001052,35.3678733,31.12998564,32.32778115,39.75671615,29.4510825,39.14670415,33.7700216,31.34173311,35.87591628,25.43623138,32.35411727,33.10431567,40.18962891,34.59864282,32.04080226,32.77998153,34.42077501,36.46336159,28.28091999,31.09430962,29.98435396,30.28364289,33.69999823,39.51726875,63.90415488,28.67504166,32.1763719,28.01062402,35.18663763,35.14286986,466.6355576,36.05939454,35.00424319,38.41100887,38.14673795,39.15954451,32.33482768,28.58367045,28.27146268,26.76391227,35.18424806,28.60153399,40.36248254,25.30218292,27.93667564,33.70794811,31.20628907,36.20277787,36.39425316,26.16451738,35.90998603,34.47701478,48.12722912,34.27355459,37.58808805,32.84368588,38.16060418,34.74526732,37.51903085,33.67479527,37.06392662,33.79449663,34.5396389
30.4567589,30.3629206,25.4758421,30.75445258,28.87921304,22.65263848,33.15012408,31.48950725,33.73287772,30.20419134,33.60402064,29.1554446,32.38745016,33.00158434,32.92842308,33.77651387,33.99493442,29.51813575,30.13077672,30.43029014,33.41594075,33.65475603,31.0082009,31.29619084,31.25034853,31.18895726,34.36224749,37.51798679,29.83741728,29.20296963,33.15315632,35.09311521,33.1696921,34.87497057,32.55310796,32.45330966,32.11219959,32.5684127,28.47766329,18.11623797,35.99363436,33.17872696,35.28233303,32.58386018,28.7895251,26.39519441,26.44958847,34.89149782,31.23491383,32.44541208,30.37140062,0,36.88004653,30.25864379,37.49140297,27.64383731,29.75226526,37.14954749,33.96473909,32.49084898,31.67799898,31.28740509,31.4100032,31.14827905,22.57593236,28.7882931,34.94951332,28.53111303,31.03687054,34.98159066,29.3074795,40.93430282,31.97586134,31.79122629,24.52623173,33.97384881,33.45949582,31.42994882,29.24807691,34.63478486,32.50181287,25.55646808,25.28067746,28.12272785
3.444971721,2.575617424,7.886967816,2.538058738,1.437404703,2.669581351,3.493498382,3.700213958,2.493922571,4.432683876,4.170399936,2.355073894,3.893183851,2.901031254,3.810366443,4.035553101,6.509612081,4.432216327,4.448273443,4.318308175,4.605353014,3.731005721,3.594149041,3.800985255,2.151400546,4.533176336,4.723883713,4.824334633,3.629963751,2.224867302,3.645566023,3.666255346,2.461890611,2.753047815,3.061790244,4.144318514,3.241640051,2.212073618,2.933397261,3.639353775,3.841004686,4.101891557,3.70928497,4.034554013,1.92211798,6.946103791,2.937866556,4.008920133,3.696825294,2.855562695,3.871038549,0,3.506515314,2.947694954,2.923629274,2.582300803,3.959848097,3.899380142,3.983036164,3.416029314,3.944608991,2.028128458,5.039456285,2.817105958,1.327160492,1.759405964,4.384345331,4.117532872,4.925187438,2.38432657,1.272501111,4.442512726,4.009863945,8.49483778,5.471844066,6.505630623,3.028781921,3.649280778,3.517893311,3.225083705,3.223585806,3.103854031,2.377891874,2.369732518
1.740569164,1.062299555,2.44560251,6.803695623,1.616671349,0.665631565,0.510072241,8.523555625,1.229053667,0.414098211,1.555165402,1.7688399,2.276702448,2.306717495,0.962910593,1.586198588,1.396837945,1.972446352,0.473879669,1.099225136,2.678428557,1.795246164,1.082187957,1.603676346,3.308874637,1.183130359,1.115052659,0.391482439,3.715398473,0.317917008,1.375978762,1.052941066,2.303043352,1.001029069,0.463711227,1.121954017,0.470357813,1.308837436,0.923887239,5.758527132,1.007085347,0.535449076,2.511124892,1.02391823,4.117959615,1.389220758,2.921646399,1.336539015,1.439696245,3.117070612,1.05907537,0,2.07835296,1.824350702,3.084291047,5.851588055,1.604874328,1.948650697,1.341587242,1.071937716,2.390714048,1.747119221,2.327234096,1.406988673,4.175318583,1.319232654,1.436937566,1.727544559,5.510262538,2.371743943,3.121048649,3.072770486,1.272607826,3.79257094,2.239668435,0.722847847,2.037062432,1.552215898,4.617817986,2.711111163,1.535674158,0.590289423,5.480226017,0.628124734
103.9497514,100.148187,112.2730925,109.9904902,112.0206832,67.46820529,89.31844728,109.3712229,92.3181761,80.80900724,106.7125202,90.81396543,98.46386252,114.6006068,94.44577112,105.1041915,108.3323042,99.69154019,99.1533316,101.6540915,113.9477875,86.30395195,97.54263435,94.70866381,101.5907823,100.6418585,97.61281664,90.25464864,110.1862556,95.11211161,94.35017913,107.7718368,102.1235357,82.82322839,94.2606501,95.27225049,91.61595014,98.86301576,93.64800162,77.53060424,103.6936701,105.6319595,107.7635341,82.59258365,103.6807005,81.96402474,122.2626482,108.3712563,94.98216694,104.4408418,96.22187866,0,104.1658258,98.83987311,113.8652277,109.1005377,88.99612357,104.3961554,105.8832708,105.7652557,96.93559014,98.27918503,111.4574685,92.83195384,72.38170686,103.6425792,104.3957792,105.4387717,103.0807806,90.78563822,92.59741193,93.30067591,95.08698697,95.35578251,93.1834906,89.63313303,91.33172051,69.11317732,99.57563901,108.1533144,95.84374669,92.11926465,105.1425333,94.15407328
829.4407324,951.2499969,837.2241093,1266.999112,765.4169359,597.6326865,828.6469629,984.9102891,847.4958233,993.1621947,833.4993366,863.8839055,800.093545,786.0652092,951.9911151,809.0841719,845.841204,948.4056958,862.8519474,768.8197308,754.3818439,824.6560561,805.5919145,859.88809,1565.642458,794.0380579,881.0298187,934.1983614,1198.483832,878.7931901,759.3022279,832.2756949,778.1890697,798.5391365,891.8140541,915.7153858,853.3148573,966.8539611,815.7769999,2177.947349,800.7251549,782.5904929,956.1254511,832.1318902,1207.480456,930.7779081,1112.817014,809.5009204,823.7987119,1206.297384,838.9832091,2566.495567,849.4351783,792.5456165,993.6879288,1180.567155,920.358638,801.7887692,844.6418682,855.8416597,853.5114836,775.0120331,922.7630877,895.9705156,808.8954145,978.8221562,836.3199746,820.0344379,1302.859453,926.7433773,863.4549637,811.4911871,789.879681,1110.075109,789.4398585,852.2376117,820.2091633,978.0636472,773.7064897,1100.111893,876.0079497,807.1683966,1064.818777,844.824798
33.29359429,31.35487724,29.9743185,35.24456293,32.33633424,21.20512916,30.3486233,41.57942219,28.34608548,34.06349282,31.39409882,33.872351,29.07034635,27.32530124,35.6050446,28.41251235,35.93201938,29.17762342,32.34160931,30.43169722,28.57678058,26.93958817,31.93196972,31.05995728,32.61274227,28.88441469,33.21260254,32.70355349,36.97194556,34.84296188,33.79365157,31.22638276,30.24470858,30.60561968,31.02323814,32.97851784,27.74053444,31.65625694,35.67213113,24.69525349,32.23595944,33.51348166,30.28364289,31.23953115,40.56335188,34.73051896,35.39702575,35.82403669,29.23733112,40.28880657,31.6045232,0,36.86737129,32.47262927,36.67752165,37.01257454,30.74493583,33.6332239,34.78273273,29.07765096,31.92163688,31.34776492,34.21946808,34.71328086,26.19556506,36.72900947,27.25930621,30.73641532,35.98155344,36.72684235,27.92782587,32.81431175,30.17227585,39.18385413,28.4745791,35.4195445,30.97393163,34.12886085,31.12866776,23.93587257,29.87105789,31.78834707,34.77405702,33.79727729
155.0726456,150.2712239,150.0459369,121.1336852,179.6957178,110.3292731,137.9068532,125.3466401,138.9804501,155.2016631,163.9820101,140.9104166,116.6679549,159.5899313,127.9543139,161.0019867,120.487059,154.7202514,121.2617835,168.043658,160.1791897,145.2262433,152.8144692,164.6462849,101.4726435,159.1479942,138.3030037,100.1614575,107.9470113,125.425032,178.5108023,177.4260914,164.296456,126.6783774,142.2685984,147.8248992,147.8577075,151.9658037,134.9612184,66.80213496,120.0406342,153.3666427,133.1898447,137.8475172,104.4349125,127.8083098,139.2720375,177.2700124,147.7579493,119.9321311,142.9717818,0,157.1476389,147.2455157,130.4113153,111.1614755,129.6295459,150.2190872,150.7356784,167.6610286,148.2339575,164.3489062,150.1502422,131.8327268,80.10434691,168.245941,175.8120288,153.1003295,98.28326814,137.8618206,139.6790953,123.1899107,148.2296102,120.30567,144.2223734,128.6669168,136.9412988,124.6852557,127.9781946,132.2111142,144.7646918,155.3592026,155.4548114,141.1773647
0,0,0,0,0,0,0,0,0.105507502,0,0,0,0,0,0,0,0,0,0,0,0,0,0,0,0,0,0,0,0,0,0,0,0,0,0,0,0,0,0,0,0,0,0,0,0,0,0,0,0,0,0,0,0,0,0,0,0,0,0,0,0,0,0,0,0,0,0,0,0,0,0,0,0,0,0,0,0,0,0,0,0,1.09220087,0,0
44.69374954,34.76800994,51.18303658,40.36076741,45.00955462,30.35490938,46.22277959,40.26703029,40.96903631,39.11259663,45.80048785,38.77552274,39.86550056,46.30418838,40.22843765,45.16013051,45.92215578,40.59776405,46.90043056,45.55288735,44.1145491,40.14728161,44.07404885,42.63559405,37.29222265,42.52044581,43.69560992,37.62636456,37.05738029,36.07475235,44.77942825,44.98433061,43.8317924,41.3673358,36.34864154,39.23545497,39.83014441,42.28958959,42.71067918,21.10122494,44.40475611,43.22147095,42.26524367,43.5017331,36.04988761,47.23350578,34.5626002,46.97557912,44.25862354,41.53695903,43.55264522,0,38.71399551,45.14545233,40.23115065,39.91708994,42.58649432,46.25298283,43.90590396,41.03807474,44.57613878,34.62087191,43.41983026,37.6713244,22.44369465,48.46178231,36.61172399,42.44088351,34.74746966,43.17740169,40.22511482,40.80715091,46.08916253,40.16730773,43.92049662,49.1536536,42.73711226,43.65894984,36.30535625,40.72622361,38.31211268,39.22916131,78.67578512,38.52241818
